{"cameraMode":{"drawMode":0,"name":"Shaded","section":"Shading Mode"},"sceneLighting":false,"audioPlay":false,"sceneViewState":{"showFog":true,"showMaterialUpdate":false,"showSkybox":false,"showFlares":true,"showImageEffects":true,"showParticleSystems":true},"in2DMode":false,"pivot":{"x":4.0205488204956059,"y":7.854066371917725,"z":-0.4826561212539673},"rotation":{"x":0.18022455275058747,"y":0.4830319285392761,"z":-0.10248689353466034,"w":0.8508774638175964},"size":8.869390487670899,"orthographic":false}