{"cameraMode":{"drawMode":0,"name":"Shaded","section":"Shading Mode"},"sceneLighting":true,"audioPlay":false,"sceneViewState":{"showFog":true,"showMaterialUpdate":false,"showSkybox":true,"showFlares":true,"showImageEffects":true,"showParticleSystems":true},"in2DMode":false,"pivot":{"x":95.0190658569336,"y":34.90554428100586,"z":184.33331298828126},"rotation":{"x":-0.07994817942380905,"y":-0.1987781971693039,"z":-0.019027570262551309,"w":0.9771660566329956},"size":21.29745864868164,"orthographic":false}