{"cameraMode":{"drawMode":0,"name":"Shaded","section":"Shading Mode"},"sceneLighting":true,"audioPlay":false,"sceneViewState":{"showFog":true,"showMaterialUpdate":false,"showSkybox":true,"showFlares":true,"showImageEffects":true,"showParticleSystems":true},"in2DMode":false,"pivot":{"x":249.37156677246095,"y":10.584720611572266,"z":307.4186706542969},"rotation":{"x":-0.007889908738434315,"y":0.8065671920776367,"z":-0.00763309933245182,"w":-0.59194415807724},"size":-0.7517722845077515,"orthographic":false}